id	name	rating
22550	Barolo	4.2
79282	Quimera	4.2
7976	Viña Alberdi Reserva	4.1
1921801	Macán Clásico	4.3
1141123	Vintage Brut Champagne	4.3
74299	Rosé Brut Champagne (Vintage)	4.3
1654	Tenuta Tignanello 'Marchese Antinori' Chianti Classico Riserva	4.1
68894	Syrah - Syrah	4.2
1178883	Ca'Marcanda Magari	4.2
77888	Numanthia	4.3
17998	Terre Brune Superiore Carignano del Sulcis	4.2
8302966	Cuvée No 743 Extra Brut Champagne	4.3
1129305	Pauillac (Grand Cru Classé)	4.2
73478	Haut-Médoc (Grand Cru Classé)	4.2
73478	Haut-Médoc (Grand Cru Classé)	4.2
73478	Haut-Médoc (Grand Cru Classé)	4.2
73478	Haut-Médoc (Grand Cru Classé)	4.2
80045	Margaux (Grand Cru Classé)	4.2
5498086	Le Petit Clos	4.3
1870	Malbec	4.2
79265	Saint-Julien (Grand Cru Classé)	4.3
6897394	La Piu Belle Rosé	4.2
79852	Vintage Rosé Brut Champagne	4.3
10625	Brunello di Montalcino	4.2
2178564	Cocodrilo Red Blend	4.2
82613	Pessac-Léognan (Grand Cru Classé de Graves)	4.4
1148035	Pauillac (Grand Cru Classé)	4.2
98195	Margaux (Grand Cru Classé)	4.2
1417313	Cordillera Reserva Especial Carmenère	3.8
1838753	Barsac (Grand Cru Classé)	4.2
1191976	Les Cédres Châteauneuf-du-Pape	4.1
23769	Margaux (Grand Cru Classé)	4.2
23769	Margaux (Grand Cru Classé)	4.2
23769	Margaux (Grand Cru Classé)	4.2
23769	Margaux (Grand Cru Classé)	4.2
1647617	Franco	4.2
2546192	Barone Nebbiolo	4.1
1196206	Reserva	4.2
13801	Syrah	4.1
1164787	Cedro do Noval	3.9
1172675	Cot Limited Edition	4.0
7303708	Terroir Selection Chardonnay	4.2
1301700	Terroir Hunter Carignan (T.H.)	4.1
1383405	Douro Vinhas Velhas Grande Reserva	4.0
1301225	RSV Reserva Moscatel Espumante	4.0
7149584	Gran Reserva Cabernet Sauvignon - Merlot	4.1
5054371	Alice Vieira de Sousa Reserva Tinto	3.9
4024770	Ans d'Age 20 Years Old Port	4.1
1686164	Pinot Rosé Extra Dry	4.0
1162214	Millesimé Cabernet Sauvignon	3.9
1099118	Vecchie Vigne Brunello di Montalcino	4.3
1302624	Bricco delle Viole Barolo	4.1
2050619	Primitivo	4.0
1249804	Chablis Premier Cru Vaillons	3.9
3116929	Expressoes	4.1
8183449	Origine	4.1
1190565	Rubrica Tinto	4.0
1555830	Adrianna Vineyard White Bones Chardonnay	4.3
2156915	Tradição Tinto	4.4
6909826	Grande Reserva Tinto	4.4
69744	Vintage Port	4.5
94968	Brunello di Montalcino	4.2
2038623	Saint-Émilion Grand Cru (Premier Grand Cru Classé)	4.3
1301873	Gran Tannat Premium	4.3
2396	Alicante Bouschet - Cabernet Sauvignon	4.2
3026602	Grand Cru Limarí	4.4
1196474	Tinto	4.3
1434108	Grande Rocim Reserva Tinto	4.2
9269450	Grand Cru Curicó	4.4
6003565	40 Years Old Aged Tawny Porto	4.4
2280924	Elísio	4.3
1300368	Don Amado	4.3
825162	Gigondas Le Claux	4.3
6370866	4000 Black Blend	4.3
1166468	I Castei Campo Casalin Amarone della Valpolicella Classico	4.3
77305	Cerequio Barolo	4.4
1631901	Larose Red Blend	4.4
1153456	Gran Malbec (X)	4.3
1213299	Vosne-Romanée	4.2
3882585	20 Years Old Tawny Port	4.4
79814	Flor de Pingus	4.5
18931	La Grande Année Brut Champagne	4.5
1658	Tenuta Guado al Tasso Bolgheri Superiore	4.4
4086	Almaviva	4.6
1176121	Ben Ryé Passito di Pantelleria	4.5
1247692	Bramare Malbec Uco Valley	4.4
1234111	EPU	4.4
1235058	Gran Enemigo	4.5
2926759	Gran Enemigo Single Vineyard Agrelo Cabernet Franc	4.6
1558589	Brunello di Montalcino	4.5
1977	Don Maximiano Founder's Reserve	4.4
9958	Dominus (Christian Moueix)	4.5
1240543	Chryseia Douro	4.5
77172	Toro	4.4
23337	Tinto	4.3
5746163	Vigne Vecchie Primitivo di Manduria	4.5
1468452	Lupi Rezerva	4.5
1176258	Finca Altamira Malbec	4.5
84726	Corte A	4.4
25474	Aconcagua Valley	4.5
9220	Grand Vin de Château Palmer (Grand Cru Classé)	4.5
1125543	Pauillac (Grand Cru Classé)	4.4
16778	Saint-Émilion Grand Cru (Premier Grand Cru Classé)	4.4
81650	Lote 43 Cabernet Sauvignon - Merlot	4.1
2057239	Longitude Blanc de Blancs Champagne Premier Cru	4.2
1132696	Reserva 5 Año	4.1
2407103	Brut Réserve Champagne	4.2
1926947	Primitivo di Manduria Zolla	4.2
1659	Tenuta Guado al Tasso Il Bruciato Bolgheri	4.1
22917	Brunello di Montalcino	4.2
54214	Brunello di Montalcino	4.2
1868	Nicolás Catena Zapata	4.4
1712454	Antonio Castagnedi Amarone della Valpolicella	4.2
9997	Numina Gran Corte	4.2
19923	Grand Vintage Brut Champagne	4.2
1292924	Bonarda	4.3
19265	Barbaresco	4.0
51934	De Sangre Lujan de Cuyo Malbec	4.1
89013	Rioja Reserva	4.1
1108063	Sideral	4.2
2656	Salmos	4.1
16226	Crianza Tinto	4.1
1175699	Alvarinho	4.1
68924	Chardonnay - Chardonnay	4.1
1214739	Amaranta Montepulciano d'Abruzzo	4.3
4091	Pauillac (Grand Cru Classé)	4.1
5072578	Milamore	4.1
1207034	Saint-Émilion Grand Cru (Grand Cru Classé)	4.2
1165226	Les Escondudes Châteauneuf-du-Pape	4.0
1137682	Poggio alle Gazze	4.2
1099398	Pauillac (Grand Cru Classé)	4.1
5602882	Gran Malbec	4.2
1160644	Brunello di Montalcino	4.2
1105367	Esporão Private Selection Branco	4.2
1146329	Il Bugiardo Valpolicella Ripasso Classico Superiore	4.0
5145976	Ice Impérial (Demi-Sec) Rosé Champagne	4.2
4948	Toscana	4.2
2017619	Malbec	4.3
79604	Pinot Noir	4.1
1126954	Saint-Estèphe (Grand Cru Classé)	4.2
74339	Pinot Noir (G Lot)	4.0
2310781	Septimum 7	4.1
2816601	Pequeñas Producciones Chardonnay	4.2
5422166	Azuda Garnacha	4.2
1387012	Rioja Gran Reserva	4.2
8974	Douro Redoma Tinto	4.1
18322	Quinta Generation (5th)	4.1
81732	Sauternes (Grand Cru Classé)	4.2
1202931	Rosso del Conte	4.2
3521385	Blu Onice Aglianico Irpinia	4.2
1143938	Pessac-Léognan (Grand Cru Classé de Graves)	4.1
1150378	Saxa Calida Rosso	4.4
96488	Liguai	4.2
1127871	Meursault 1er Cru 'Les Cras'	4.4
1362343	Passarowitz	4.5
45284	Tinta Roriz	4.4
2463221	Recioto della Valpolicella Classico	4.1
2775976	Petit Verdot	4.0
1721789	Selección Rioja	4.3
2718127	Privée Rosé Brut Champagne	4.4
2154686	Chassagne-Montrachet 1er Cru 'Morgeot'	4.3
1801505	Chambertin Clos de Bèze Grand Cru	4.3
1244218	Orhora Toscana	4.0
1192837	House Of Morandé Red Blend	4.3
7010769	Único	4.5
1837094	Meursault 1er Cru 'Les Bouchères'	4.2
2868	Corton Grand Cru Gréves	4.2
1968079	Vintage Port	4.4
1225068	Reserva Alentejo Tinto	4.1
1128385	Brut (Carte Jaune) Champagne	4.3
21646	Edizione Cinque Autoctoni	4.3
8305	Brut Cuvée Champagne Rosé	4.3
2459848	Cinquanta Collezione	4.3
1382045	Brut (R de Ruinart) Champagne	4.3
23051	Brut Rosé Champagne	4.3
1148298	Brut Rosé Champagne	4.3
77137	Unico	4.7
3908	Pauillac (Premier Grand Cru Classé)	4.6
2545450	Pêra-Manca Tinto	4.7
1724358	Red	4.6
1655970	Grand Vin Pauillac (Premier Grand Cru Classé)	4.6
1911534	Opus One	4.6
1127795	Château Margaux (Premier Grand Cru Classé)	4.6
1135069	Cabernet Sauvignon	4.6
1175427	Valbuena 5º	4.6
1166837	Pomerol	4.7
1870315	Pêra-Manca Branco	4.5
1148747	Saint-Émilion Grand Cru (Premier Grand Cru Classé)	4.6
10175	Saint-Émilion Grand Cru (Premier Grand Cru Classé)	4.6
22447	Bolgheri Superiore	4.6
1293594	Vinha Maria Teresa	4.7
1185290	Cem Reis Reserva Syrah	4.5
1153863	Sauternes	4.7
86870	Gattinara Riserva	4.1
5043165	Grande Réserve Cabernet - Syrah	4.1
18555	Pomerol	4.2
1135081	Cabernet Sauvignon	4.1
1153463	Chardonnay (VIII)	3.9
6805724	Il Potere	4.2
53034	Médoc	3.9
3726697	Massal 1945 Carmenère	4.1
2712173	Rosso di Montalcino	4.0
1155151	Tinto	4.1
1166363	J. Alberto	4.1
1216556	Muros de Melgaço Alvarinho	4.1
81986	Malbec	4.0
1616353	Reserva	3.9
1295318	Quorum (Grande Vindima)	4.0
73555	Margaux (Grand Cru Classé)	4.1
18557	Margaux (Grand Cru Classé)	4.2
5564759	Reserva Tinto	4.1
23815	Le Dix de Los Vascos	4.2
18978	Sauvignon Blanc	4.2
1736416	Ca'Marcanda Promis Toscana	4.1
35374	Tres Picos Garnacha	4.0
2272631	Talò Primitivo di Manduria	4.0
69154	Malbec	4.0
7105	Valpolicella Ripasso (Classico Superiore)	4.0
5772302	Sur Lie Nature	4.1
77560	Malbec	3.9
1849316	Reserva	4.0
67054	Camins del Priorat	4.0
1450641	Pink Moscato	4.1
5080	Guidalberto	4.1
1142314	Meandro Douro Tinto	4.0
1202326	Nocturne Champagne (Sec)	4.1
1187744	Quinta de Ervamoira 10 Year Old Tawny Port	4.1
1153457	Malbec (I)	4.0
16227	Joven Roble Tinto	4.0
21585	Rioja Gran Reserva	4.1
6168	Angels' Share Shiraz	4.0
1496698	Latitude Champagne	4.1
8184	Palazzo della Torre	4.0
4820908	Châteauneuf-du-Pape Sélection	4.1
5402364	Reserva	4.0
5568937	Suadens Campania Bianco	4.1
1166687	Alentejano Monte da Peceguina Branco	3.9
1604779	Cauquenina (Viñas Viejas de Cauquenes)	3.8
1238945	Triple C Red Blend	4.2
4277988	O Luar do Sil Valdeorras Godello Sobre Lias	4.0
78383	Barbera d'Alba Zio Nando	4.0
3851587	Moonlight Race Pinot Noir	4.0
1275606	Martin Alsina Malbec	4.0
11824	Nebbiolo d’alba	3.9
5864576	Muscat	4.2
5398794	Lago Cerqueira Rosé	4.0
2727638	Zapallar Coast Sauvignon Blanc	4.0
83439	Pomerol	3.9
1313212	Signos de Origen Syrah	4.0
8190	La Poja (Monovitigno Corvina Veronese)	4.3
72624	Costasera Amarone della Valpolicella Classico Riserva	4.3
1501598	Tiraziš Syrah	4.1
74578	Gran Reserva Malbec	3.9
1243390	Varietales Maturana Rioja	3.9
1188236	Pommard 'Clos des Ursulines' (Monopole)	4.1
1134068	Saint-Émilion Grand Cru (Grand Cru Classé)	3.9
1385596	Amancaya Gran Reserva Malbec - Cabernet Sauvignon	3.9
2774263	Red	4.6
2102081	Espiritu de Apalta	4.3
96483	Quelen Special Selection	4.3
738148	Clos de L'Obac	4.4
76429	Scala Coeli Tinto	4.4
6919813	Reserva Tinto	4.4
1240855	Nico Malbec	4.6
14847	Zambujeiro	4.5
2430168	Pieve Santa Restituta Rennina Brunello di Montalcino	4.5
77304	Brunate  Barolo	4.4
5264080	Vinhas da Princesa Branco	4.5
8100038	Red King Rezerva	4.5
8386496	Letra A Touriga Nacional	4.5
1265560	Initial Public Offer 1st Edition	4.5
94686	Pinot Noir En Famille	4.5
2034907	Clon De La Familia	4.6
1298038	Clos Mesorah	4.3
1182177	Quinta da Touriga-Chã Douro	4.4
1134660	Casa Real Cabernet Sauvignon	4.2
1099392	Vintage Port	4.4
1126922	El Incidente Carménère	4.3
7102277	Reserva	4.4
94678	Chardonnay Ma Douce	4.5
1165304	Vintage Port	4.4
6755215	Grande Reserva	4.4
1155880	Rioja Gran Reserva	4.2
779086	Châteauneuf-du-Pape	4.1
1239572	Syrah - Viognier	4.1
8998	Douro Reserva Redoma Branco	4.3
7169656	Terroir Selection Teroldego	4.2
4925607	Boa-Vista Reserva	4.3
75818	Giusto di Notri Toscana	4.2
1181746	Amarone della Valpolicella Classico Lena di Mezzo	4.2
2929415	Grand Cru Sagrada Familia	4.4
1084452	Generations Cabernet Sauvignon	4.4
100492	Clos de la Coulée de Serrant	4.3
8967	Douro Batuta Tinto	4.3
2277346	La Fleur De Rocheyron Saint Emilion Grand Cru	4.1
16505	Merlot	4.2
1151960	Brunello di Montalcino	4.3
1744245	Monte Rosso Vineyard Cabernet Sauvignon	4.4
1211977	Zahir Cabernet Sauvignon	4.3
1136951	Herú Pinot Noir	3.9
2636560	Cabernet Sauvignon Limited Edition	4.0
1261327	Inedito Cabernet Sauvignon - Merlot	4.2
1099538	Pomerol	4.3
1100670	Caro	4.3
7173006	Terroir Selection Malbec	4.2
4858897	Cuvée Pitigaia	4.5
1189822	Colheita Porto	4.3
7650016	Massetino	4.6
1639263	The Reserve Cabernet Sauvignon - Shiraz	4.4
6847952	Edição do Enólogo Red Blend	4.3
86684	Brut Champagne	4.6
4848	Overture	4.5
12393	Amarone della Valpolicella Classico	4.4
1107336	ARTEMIS Cabernet Sauvignon	4.4
1129440	Old Vines Primitivo di Manduria	4.4
6139455	Limited Edition 10 Vendemmie	4.5
11890	60 Sessantanni Old Vines Primitivo di Manduria	4.5
77171	Ribera del Duero	4.5
68854	Cabernet Franc Alta	4.3
1139434	Tinto	4.4
79836	La Grande Dame Brut Champagne	4.5
43974	Bramare Malbec Lujan de Cuyo	4.4
11001	Castillo Ygay Gran Reserva Especial Tinto	4.5
1488696	30 Year Old Tawny Port	4.5
4837001	Grand Cru Apalta	4.4
4682277	Bramare Los Arbolitos Vineyard Chardonnay	4.4
1154226	Amarone della Valpolicella Classico	4.3
1497062	Parcela Única Escolha	4.3
1220973	Gernot Langes	4.5
16786	Barsac (Premier Grand Cru Classé)	4.4
23264	Brunello di Montalcino	4.3
4011850	Finca Canal Uco	4.4
5424625	Cabernet Franc	4.4
3185120	Brunello di Montalcino	4.3
81849	Pomerol	4.4
1751269	Touriga Nacional	4.4
1100254	Saint-Émilion Grand Cru (Grand Cru Classé)	4.2
1098770	Pomerol	4.4
1258524	Ultra Premium Syrah	4.3
76372	Colheita Port	4.3
1282785	Barolo del Comune di Serralunga d'Alba	4.2
28214	5 Stelle Sfursat	4.5
62594	Matallana	4.2
6663622	Bernardeschi Governo	4.1
1101112	Saint-Estèphe	3.9
1421499	Touriga Nacional Douro Grande Reserva	4.2
1680069	Châteauneuf-du-Pape Blanc	4.1
1214055	Douro Reserva	4.2
3982829	Scapà Amarone della Valpolicella	4.3
24109	Gevrey-Chambertin	4.1
97228	Chardonnay Piemonte  Monteriolo	4.1
1201765	Syrah	4.1
2749108	Extra Brut	4.1
82825	Meron	4.1
1188603	Clos du Chapitre Rully Premier Cru	4.1
1379045	Reserva Tinto	4.0
91182	Pommard 1er Cru 'Les Pézerolles'	4.3
7496719	Gran Reserva Tannat	4.2
4280269	10 Years Old Tawny Port	4.2
24104	Côte de Beaune	4.0
86699	Blanc Fumé de Pouilly	4.2
1929640	Vinha da Neve Tinto	3.9
1871502	Brunate Barolo	4.2
1234476	Tacco Barocco Negroamaro	3.8
1873252	La Tiare du Pape Châteauneuf-du-Pape Blanc	4.1
1874097	Garrafeira Tinto	4.1
1218054	Ribera del Duero Antiguos Vinedos	4.0
4585882	Passo del Sud Appassimento	4.1
1166785	Saint-Julien (Grand Cru Classé)	4.1
11825	Barbera d’Alba	4.0
33734	Chianti Classico Riserva	4.1
87426	Pessac-Léognan (Grand Cru Classé)	4.0
22687	La Réserve de Leoville Barton Saint-Julien	4.0
77783	Bosc D'la Rei Moscato d'Asti	4.1
736563	Ribera del Duero Crianza	4.0
7599543	Anniversary	4.1
3120288	Grus de Alcohuaz Mezcla Tinta	4.0
1591615	Barolo	4.0
1152839	Reserve Merlot (Barrel Selection)	3.8
1160653	Convento da Tomina	4.0
74704	RPF Tannat	3.8
83265	Yarden Chardonnay	3.9
1181021	Clos Gebrat	3.9
7103767	Arcane IX Les Amoureux	4.1
12687	Haut-Médoc (Grand Cru Classé)	4.0
18556	L'Hospitalet de Gazin Pomerol	4.1
1610104	El Sueño Gran Reserva Carmenère	3.9
4386455	Blend de Blancas	4.1
7921976	A Mare Rosato	4.1
1984740	Amarone della Valpolicella	4.0
17607	Homage Syrah	4.2
1972035	Givry 'Les Dracy'	4.1
96853	Venus	4.1
1139122	Reserva	4.1
1190881	Brunello di Montalcino Riserva	4.1
2203544	Finca Perdriel Vineyard Selection	4.1
16963	Reserva Branco	3.9
4320448	Aluvional Altamira	4.4
1508325	Aria Fronsac	4.1
1232315	Saint-Émilion Grand Cru (Grand Cru Classé)	4.1
1478434	Bairrada Classico Baga	4.2
1577086	Block G+I	4.2
1483199	Aristos Barón d'A	4.1
6767359	Las Pizarras Syrah	4.2
1136945	Vintage Port	4.3
4948910	Las Pizarras Pinot Noir	4.1
1706136	Domaine des Berthiers Pouilly-Fumé	4.1
7384096	Brunello di Montalcino	4.3
5460938	Barolo	4.0
1210000	Baron K Riesling Kabinett	4.0
5257272	Vinhas Velhas Branco	4.2
1260063	Carlos Montes Tannat	3.9
1799282	Solstício	4.2
1268547	Special	4.3
79230	Vosne-Romanée 1er Cru 'Les Chaumes'	4.3
1181122	Vertice	4.2
1225820	Barolo Bussia Vigneto Bofani	4.2
1178520	Saint-Émilion Grand Cru	4.0
1202284	Terroir Rosé Brut	4.2
1204799	Atteca Armas Garnacha Old Vines	4.2
6844296	Gran Reserva Chardonnay	4.1
2795428	Ícone Alentejo Tinto	4.3
1300776	Gran Assemblage	4.3
52104	Finca Los Nobles Chardonnay	4.1
779372	Vosne-Romanée 1er Cru Les Orveaux	4.2
1771193	Heytesbury Chardonnay	4.2
1314907	Alvarinho	4.2
1487856	Conde d'Ervideira Private Selection Branco	4.3
1241866	Tannat	4.1
778938	Saint-Émilion Grand Cru (Grand Cru Classé)	4.0
1178254	Nuits-Saint-Georges	3.9
1594281	Maria de Lourdes Branco	4.2
1861100	Barolo Sarmassa Vigna Merenda	4.2
5043352	Alto do Joa Tinto	4.2
8675341	Gran Reserva Blanco	4.4
1652478	Amarone della Valpolicella Classico	4.2
1473611	Côte-Rôtie La Turque	4.6
1322600	Vinha da Ponte	4.6
1253819	Douro Pintas Tinto	4.4
52044	Icono	4.6
94690	La Proportion Dorée	4.5
1127808	Oenothèque Brut Champagne	4.7
1274124	Montrachet Grand Cru Marquis de Laguiche	4.6
7122486	Grande Cuvée Brut Champagne	4.6
68824	Malbec Alta	4.5
5078	Sassicaia	4.6
1652	Tignanello	4.5
3125433	Gran Enemigo Single Vineyard Gualtallary Cabernet Franc	4.6
5095201	Nicola Catena Parcela Bonarda	4.6
1668659	Reserva Malbec	4.0
2047676	Malbec	4.4
1172025	Martinet Bru (Garnatxa - Syrah)	4.1
8430212	30 Años Edicion Limitada Cabernet Sauvignon	4.2
8429888	Reserva Cabernet Franc	4.2
1229949	Montmains Chablis 1er Cru	4.1
16966	Touriga Nacional	4.0
1382222	Clos Mireille Rosé (Coeur de Grain)	4.2
1209142	Villa-Lobos Gran Reserva Cabernet Sauvignon	4.0
1160459	Ca'Marcanda Vistamare Toscana	4.1
84775	Barolo Cannubi	4.3
1247801	Franciacorta Gran Cuvée Satèn	4.2
1099897	Colli di Salerno Rosso	4.1
50644	Seleccion de Añada Albariño Rías Baixas	4.3
1243856	Grande Reserva Red	4.2
1197391	23 Barricas Touriga Nacional - Syrah Alentejano	4.3
1909654	Siete (7) Viñas Reserva Rioja	4.1
1126475	Alentejano Moon Harvested	4.3
1169521	Tinto Reservado	4.3
1707338	Amat Tannat	4.1
1155153	Barolo	4.0
6885700	Bramare Chardonnay	4.2
1100223	Pomerol	4.4
1208731	Branco Reservado	4.4
1244339	Primo	4.3
4833990	Monte do Desespero Reserva Black Label	4.3
1255075	Löwengang Chardonnay	4.2
1531840	Dúvida	4.5
1279827	Mayacaba Malbec	4.2
1774164	Gran Reserva Etiqueta Azul Red Blend	4.2
23111	Ribera Del Duero Gran Reserva	4.3
2320500	Amarone della Valpolicella	4.3
1153455	Gran Corte (VII)	4.4
5745097	Adrianna Vineyard White Stones Chardonnay	4.4
1148839	La Chapelle de La Mission Haut-Brion Pessac-Léognan	4.2
779426	Giorgio Primo	4.3
1678759	Silicum Rosso	4.2
1262192	Pinot Noir - Pinot Noir	4.2
3465952	Humanitas Reserva	4.4
1103309	Condrieu Chery	4.3
4656426	Crasto Superior Syrah	4.3
1724156	Ca'Marcanda Bolgheri	4.3
76439	Tinto	4.3
13689	Château Giscours (Grand Cru Classé)	4.2
43984	Bramare Cabernet Sauvignon	4.3
14362	Pauillac (Grand Cru Classé)	4.3
68884	Cabernet - Cabernet	4.3
1126740	Gran Reserva	4.1
1216549	Pequeñas Producciones Malbec	4.3
9710	Brunello di Montalcino	4.3
5445749	Extra Brut Extra Old Champagne	4.3
22448	Le Serre Nuove	4.3
79262	Pauillac (Grand Cru Classé)	4.4
86732	Expresivo	4.2
16508	Cabernet - Malbec	4.1
2816622	Pequeñas Producciones Cabernet Sauvignon	4.2
24056	Bin 389 Cabernet - Shiraz	4.2
1675	Pian delle Vigne Brunello di Montalcino	4.3
84287	Châteauneuf-du-Pape	4.2
1115658	Saint-Julien (Grand Cru Classé)	4.3
9587389	Cocodrilo Corte	4.3
3783366	Saperavi	4.4
1548080	Principal Grande Reserva Bairrada	4.5
1524704	VIK	4.6
77558	Finca Bella Vista Malbec	4.5
48314	Lota	4.5
1835	Amarone della Valpolicella Classico	4.4
71274	Purple Angel	4.4
5441683	Gran Enemigo Single Vineyard El Cepillo Cabernet Franc	4.5
1238441	30 Year Old Tawny Port	4.5
6020	Pavillon Rouge du Château Margaux	4.4
8039	Incógnito	4.5
1926899	Mendoza	4.4
66314	Zinfandel	4.4
3971055	Dal 1947 Primitivo di Manduria	4.5
1226177	Domus Aurea Cabernet Sauvignon	4.4
76432	Évora Reserva Tinto	4.3
81848	Saint-Julien (Grand Cru Classé)	4.4
1165601	Châteauneuf du Pape	4.0
1723060	Syrah	4.0
1207249	Coma Vella Priorat	4.1
3933104	Purgatori Costers del Segre	4.2
5017165	Signature Rosé	4.1
3652602	La Atalaya del Camino	4.1
1288101	Chablis	4.0
1279440	Chianti Classico Riserva	3.9
1759418	Burn Cottage Vineyard Pinot Noir	4.2
1174924	Vinho Verde Branco	3.9
61134	Barolo	4.0
7294675	Red Blend	4.2
65114	Rubesco Vigna Monticchio Torgiano Rosso Riserva	4.1
2694869	Pequeñas Producciones Cabernet Franc	4.1
6004174	Cabernet Sauvignon	4.1
1625562	Quinta Generación (5th) White	4.1
1251797	Legno Chardonnay	4.1
1181214	Saint-Julien (Grand Cru Classé)	4.1
4273459	Petit Grand Vin Malbec - Malbec	4.2
7103	Amarone della Valpolicella Classico	4.3
1152435	Rosé Brut Champagne	4.3
1155355	20 Year Old Tawny Port	4.3
3030441	Blend de Tintas	4.2
1137736	Demi-Sec Champagne	4.3
7973	Viña Ardanza Reserva	4.2
2342297	Cabernet Franc	4.3
74338	Old Vine Malbec	4.2
1510255	Eremo San Quirico	4.2
1272950	Chardonnay	4.3
7493	Selección Especial (Reserva)	4.2
1128831	M Blend	4.2
1291873	Reserva Vinhas Velhas	4.3
2816521	Primitivo di Manduria	4.2
1098912	Brunello di Montalcino	4.3
2013141	Campo Marina Primitivo di Manduria	4.2
79273	Saint-Julien (Grand Cru Classé)	4.2
22175	Brunello di Montalcino	4.2
77136	Unico Reserva Especial Edición	4.7
84065	Amarone della Valpolicella Classico	4.7
1651	Tenuta Tignanello 'Solaia'	4.6
1174525	Brunello di Montalcino Riserva	4.7
2446729	Toscana	4.7
2495612	Douro Tinto	4.7
75975	Barca Velha Douro	4.7
1941035	Pêra Velha Grande Reserva	4.5
11605	Malleolus de Valderramiro	4.5
74306	Cristal Rosé Brut Champagne (Millésimé)	4.6
1721323	Reserva Pessoal Tinto	4.3
1186732	Estiba Reservada	4.7
2022253	PV Gran Cru	4.6
51734	Callabriga Douro	4.1
97051	Saint-Julien (Grand Cru Classé)	4.1
18715	Roda Reserva Rioja	4.2
5520475	Barrabas by Judas	4.2
1138731	Esporão Reserva Branco	4.0
1637573	Profundo	4.2
3714	Lytton Springs	4.2
1929639	Crasto Superior Red	4.0
79266	Moulis-en-Médoc	4.0
1204549	Douro	4.1
1713612	Jumilla Blue Label	4.1
3110	Margaux (Grand Cru Classé)	4.2
7768	Châteauneuf-du-Pape	4.1
1290538	Post Scriptum (de Chryseia) Douro	4.1
80472	Saint-Estèphe (Grand Cru Classé)	4.3
13330	Coyam	4.2
1661385	20 Years Old Tawny Port	4.2
4004983	Paolo e Carlo Primitivo di Manduria Riserva	4.2
6424614	Dona Antonia 10 Años Old Tawny Porto	4.2
1984446	Pagodes de Cos	4.1
19481	Reserva	4.2
1141447	Amarone della Valpolicella Valpantena	4.2
5140412	Moscatel Espumante	4.1
83817	Royale Réserve Brut Champagne	4.1
1163903	Rioja Reserva	4.0
1147563	10 Year Old Tawny Port	4.1
20810	Moscato d'Asti	4.1
1873	Malbec	4.0
2141966	Malbec	4.0
1104824	Whispering Angel Rosé	4.1
1182136	Finca Monasterio Rioja	4.1
1629874	Reserve Malbec (Barrel Selection)	3.9
10998	Reserva Rioja (Finca Ygay)	4.1
2918277	Zinfandel	4.1
1163819	Brut Champagne	4.1
1143613	Cuvée Prestige Brut Champagne	4.1
4537649	Vinho Verde Sweet	4.1
1141133	Prestige Rosé Brut Champagne	4.1
1142212	Rosé Brut Champagne	4.1
1105366	Esporão Reserva Tinto	4.1
9119	Viña Tondonia Reserva	4.2
1141907	Primitivo	3.9
4218931	Red Blend	4.0
2317863	Crianza	4.0
2628	Viña Esmeralda	4.0
60984	Primitivo Salento Torcicoda	4.0
1245550	PSI	4.1
1506316	Patriota Malbec - Bonarda	4.0
2198765	Wild Slopes CGM Red	4.0
1165142	Sancerre Blanc	4.0
1693	Castello della Sala San Giovanni della Sala Classico Superiore	4.0
4447868	Ala Colorada Ancellotta	4.1
1226145	Alentejano Monte da Peceguina Tinto	3.9
1133677	Mora Negra	4.1
1998703	Merlot Reserva	3.8
4985	Cometa	4.1
8036861	Trulli Primitivo di Manduria	4.1
2402719	Talò Primitivo - Merlot	4.0
77491	Brunello di Montalcino	4.1
1168278	Margaux (Grand Cru Classé)	4.2
1178394	Primeiras Vinhas Alvarinho	4.2
1158525	Sauvignon Blanc	4.0
5052806	Saint-Émilion Grand Cru (Grand Cru Classé)	4.1
2318969	Cabernet Franc Limited Edition	4.0
1394956	HANDS OF TIME Red	4.1
2706517	Pure Provence Rosé	4.0
2655208	Rosé	3.9
1152438	Clos du Marquis Saint-Julien	4.1
8158107	Vin 50 Cabernet Sauvignon	4.2
6719889	Vintage Reserve Brut Champagne	4.4
3932670	Appassimento Rosso	4.0
7101284	Atmosphere Gran Reserva	4.6
7148016	Gold Cabernet Sauvignon	4.6
6776761	Talentvs Porto	4.6
5729145	Premium	4.6
6168856	Garrafeira	4.5
8032801	Chateau de los Hermanos Carménère	4.0
99399	Fixin 1er Cru 'Clos Napoléon'	4.2
1857637	Blanc de Blancs Brut Champagne	4.4
1259235	Red Blend	4.4
68904	Cabernet - Malbec	4.2
1153679	20 Year Old Tawny Port	4.4
21929	Costasera Amarone della Valpolicella Classico	4.3
68874	Malbec - Malbec	4.3
1674523	Malbec	4.3
76431	Évora Colheita Tinto	4.2
1260766	Misterio	4.3
1202838	Papale Linea Oro Primitivo di Manduria	4.4
77816	Orben	4.0
1497609	Tito	4.0
1188738	Duluc de Branaire-Ducru Saint-Julien (Chateau Duluc)	3.9
1508901	Reserva	4.0
1207965	Château Romassan Rouge	4.1
1143934	Casa Burmester Reserva Douro	3.9
9531019	Nuestro 15 Meses	4.1
1172948	Chablis Tête d'Or	4.0
94320	José de Sousa Mayor Alentejano	4.0
2973784	Valpolicella Ripasso Superiore	4.0
4255279	Winemaker's Black Carménère Blend	4.2
1152015	Châteauneuf-du-Pape (Cuvée Tradition)	4.1
2307696	Campo Marina Malvasia Nera Salento	4.1
4343755	Aconcagua Alto Carmenère	4.0
1207710	Brunello di Montalcino	4.3
5599227	Juan Carrau Gran Reserva Tannat - Cabernet	4.0
5924630	Reserva Vinhas Velhas	4.1
6588993	Gran Reserva Cabernet Sauvignon	4.1
1470847	Sauvignon Blanc Pequeñas Producciones	4.2
75238	Prima	3.9
1225779	Barolo Rocche di Castelletto	4.0
31124	The Armagh Shiraz	4.5
1125591	Judas Malbec	4.5
1249516	Cistus Grande Reserva Tinto	4.5
1298725	Pieve Santa Restituta Sugarille Brunello di Montalcino	4.5
98838	Contador Rioja	4.6
1807024	Taita Marchigüe Vineyard Cabernet Sauvignon	4.7
66194	Sperss Barolo	4.6
736588	Pago de Santa Cruz	4.4
4835815	Adrianna Vineyard River Stones Malbec	4.6
2726584	Cabernet Sauvignon Passionnément	4.7
5007190	Adrianna Vineyard Fortuna Terrae Malbec	4.5
82698	Brunello di Montalcino Riserva	4.6
3882596	40 Years Old Tawny Port	4.6
2488368	Aszú 6 Puttonyos	4.5
5367341	Vinha do Oratório Vinhas Velhas	4.6
1155203	Gê	4.4
1380031	António Maria	4.5
6946923	Amarone della Valpolicella Classico	4.6
82193	Turriga Isola dei Nuraghi	4.4
1215346	Saint-Émilion Grand Cru (Grand Cru Classé)	4.2
1257923	Silex	4.4
71264	Folly Syrah	4.4
6693137	Rosé	4.3
1664699	M Red	4.3
1159878	Châteauneuf-du-Pape	4.4
2258813	Dalva Colheita Porto	4.2
1269657	Bolgheri Superiore Sondraia	4.2
15944	Brunello di Montalcino	4.2
1573255	Monte Meão Vinha dos Novos	4.3
1663386	DNA 99 Single Vineyard Merlot	4.3
24139	Puligny-Montrachet	4.3
1168676	Les Forts de Latour Pauillac	4.4
23793	Carruades de Lafite Pauillac	4.4
11733	Toscana I Sodi di San Niccolo	4.3
1174627	Microterroir de Los Lingues Carmenère	4.3
1107342	S.L.V. Cabernet Sauvignon	4.5
4518569	Las Notas de Jean Claude	4.4
2422330	Xisto Cru Tinto	4.1
1323602	Alteni di Brassica Langhe	4.3
7503340	Parte 2 Chardonnay	4.1
2503764	700 High Altitude Red Blend	4.1
5837226	Grande Reserva Vinhas Velhas	4.3
1129143	Pommard 1er Cru 'Clos des Epeneaux' Monopole	4.2
1501782	Criado en Roble Blend	4.1
87693	Barrel Fermented Sauvignon Blanc	4.1
4164572	Primogénito Sangre Azul Merlot	4.2
7780	Hermitage	4.1
1243446	Sorriso di Cielo	4.1
6238599	Altamira Single Vineyard Merlot	4.2
6418020	Coelheiros Vinha do Taco	4.2
77427	Châteauneuf-du-Pape Le Parvis	4.1
13800	Pinot Noir	4.2
1500042	Grande Escolha	3.9
1509726	Super Premium Quatro Castas Blend	4.1
3093996	Druida	4.1
1215768	Douro Reserva Red	4.2
1135641	Alexander Valley Cabernet Sauvignon	4.4
1864632	Pelagrilli Brunello di Montalcino	4.2
1175156	Amarone della Valpolicella	4.3
4878255	Rich Rosé Champagne	4.3
1171483	Brunello di Montalcino (Casato Prime Donne)	4.3
6833094	Los Lingues Single Block S38 Cabernet Sauvignon	4.3
1860943	Churchill Cabernet Franc	4.3
1133882	Châteauneuf-du-Pape Rouge	4.1
1157787	Maria Valduga Brut Vintage Espumante	4.3
83999	Margaux (Grand Cru Classé)	4.1
6404545	1 Uno Primitivo di Manduria Riserva	4.3
1179446	Douro Guru Branco	4.2
4016	Gran Reserva Etiqueta Negra Cabernet Sauvignon	4.2
1198913	Douro Pintas Character Tinto	4.1
7177665	Ruben & Flora Gran Reserva	4.2
84062	Terra di Lavoro	4.2
1126470	Alentejano Reserva Tinto	4.2
21053	Barolo Ravera	4.1
9458566	Le Grand Bâtisseur Jean XXII Châteauneuf-du-Pape	4.0
7139327	PP Semillon (Plínio Pizzato)	4.0
8055297	Provenance du Bourry	4.1
7803874	Capela Real Tinto	4.2
18313	Gran Reserva - Edición Limitada Petit Verdot	4.0
7384832	Valle del Silex Malbec	3.8
4442301	Malbec Appellation Gualtallary	4.0
1123336	Cygnus Cabernet Sauvignon - Nero d'Avola Regaleali	3.9
2018443	Cabernet Franc	4.1
79929	Volnay Santenots-Du-Milieu Premier Cru	4.3
86967	Mercurey Les Vignes de Maillonge	4.1
1178080	Carmenère Reserva	3.7
1151533	Castro Ventosa Valtuille Cepas Centenarias	4.1
2828728	Península de Setúbal Quinta da Bacalhôa Branco	4.1
5987772	Julia	4.3
23366	Eneo Toscana	4.1
4948189	Perfetto Merlot	4.2
6974346	Premium Cabernet Sauvignon	4.2
9124646	Vitale	4.2
1212857	Vintage Port	4.1
1163782	Bric du Luv Barbera d'Alba	4.0
97447	Le Blason du Prince Châteauneuf-du-Pape	3.9
87095	Brea Vigna Ca'Mia Barolo	4.3
5020284	Primitivo di Manduria	4.1
1696989	Philip	4.1
8636470	Perro Callejero Cabernet Franc	4.1
2389513	Carapace Montefalco Sagrantino	4.0
1698222	Miros de Ribera Crianza	3.9
1736466	Grande Reserva	4.0
1241377	Pequeñas Producciones Syrah	4.1
1392761	Querciantica Lacrima di Morro Superiore	4.1
1269053	Cabernet Sauvignon	4.1
1138658	Crianza Ribera del Duero	4.0
6700125	Vinificato Nel Palmento Due di Due	4.0
1172272	Saint-Julien (Grand Cru Classé)	4.1
1545785	The Short Story Collection The Owl Post Pinotage	4.0
22685	Saint-Julien (Grand Cru Classé)	4.3
82700	Braccale Rosso	3.8
3679352	Côtes de Gascogne Rosé	4.1
1129282	PS (Pagos Seleccionados) Ribera del Duero	4.6
79632	Brut Rosé Champagne	4.6
79762	Pauillac (Grand Cru Classé)	4.4
1180132	40 Year Old Tawny Port	4.6
5571323	La Piu Belle	4.6
13759	Clos Apalta	4.6
5441681	Gran Enemigo Single Vineyard Chacayes Cabernet Franc	4.6
79631	Brut Champagne	4.6
1169092	Brunello di Montalcino	4.2
9037527	Tierra Alta En 2 Maderas	4.2
1383374	Roccamora Negroamaro	3.9
1251639	Don Juan Reserva	4.0
2035173	Gattinara Tre Vigne	4.1
2592179	Colosso	4.3
1101061	Brunello di Montalcino	4.1
2766914	Floreal	4.3
1243267	Gran Bosque Private Reserve	4.3
61754	Croix de Beaucaillou Saint-Julien	4.1
4736677	Filigrana	4.2
1102091	Vieilles Vignes Chassagne-Montrachet Rouge	4.0
1913373	Nuits-Saint-Georges	4.1
1225001	Reserva	4.1
1194752	Royal Choice 20 Year Old Tawny Porto	4.2
73593	Aliara	4.2
79537	Vieris Sauvignon Blanc	4.2
1305686	Curtimenta Alvarinho	4.2
4039	The Signature Cabernet Sauvignon - Shiraz	4.1
7567374	Douro Superior	4.1
6796797	Tannat Cemento	4.2
1748609	Barolo Aeroplan Servaj	4.3
7369560	Costamiòle Riserva	4.2
1753055	Brunello di Montalcino	4.2
1437118	Secolo Novo Franciacorta Millesimato Brut	4.1
1191462	Riesling Alsace Grand Cru 'Hengst'	4.1
1190501	Aromes de Pavie Saint-Émilion Grand Cru	4.1
96030	Malpuesto	4.1
1949419	Pinot Noir	4.3
5988966	Clay Aged Tinto	4.2
1168529	Baffonero Maremma Toscana	4.5
4384634	Anti-Synthesis Malbec - Cabernet	4.0
97710	Les Manyes	4.4
1231597	Petit Verdot Chaski	4.1
3869632	Reserva Branco	4.3
1678254	Touriga Nacional	4.1
99398	Fixin	4.0
4878245	Per Sempre Syrah Toscana	4.5
5859267	Escaleras de Empedrado Pinot Noir	4.4
77447	Barbaresco Masseria	4.1
1178395	Alvarinho Reserva	4.2
1683967	10 Barricas Gran Reserva Malbec	4.2
2716528	Le Petit Mouton de Mouton Rothschild Pauillac	4.4
66104	Barbaresco	4.5
84066	Valpolicella Classico Superiore	4.5
4314633	Finca Piedra Infinita	4.5
1179539	Saint-Émilion Grand Cru (Premier Grand Cru Classé)	4.5
7082	Rare Brut Champagne (Millesimé)	4.5
75978	Quinta da Leda Douro	4.4
4035254	Magma Primitivo di Manduria	4.3
84068	Veneto Rosso del Bepi	4.6
1324170	Dalmau Rioja	4.4
1251354	Massimo Deicas Cru Tannat	4.4
2162093	Priorat	4.4
2080162	Hommage à Jacques Perrin Châteauneuf-du-Pape	4.5
1199944	Conjuro	4.4
7495	Aro	4.4
81171	10 Year Old Tawny Porto	4.1
1233459	Rioja Gran Reserva	4.1
33284	10 Year Old Tawny Port	4.1
71304	Carmenère	4.0
4301214	Cabernet Sauvignon Aged in Bourbon Barrels	4.1
86362	Saint-Julien	4.1
1213336	10 Years Old Tawny Porto	4.1
1529357	Viña Cubillo	3.9
66214	Sito Moresco Langhe	4.1
1526704	Scaia Bianco (Garganega - Chardonnay)	4.1
1264565	Nicasia Vineyards Red Blend Cabernet Franc	4.0
5787212	Bolgheri Il Seggio	4.1
1135113	Carmenère	4.0
1501023	Passo del Cardinale Primitivo di Manduria	4.0
2431783	Da Vinci Brunello di Montalcino	4.3
1283671	Estate Cabernet Sauvignon	4.2
6907233	Primitivo di Manduria	4.3
58884	Kopár	4.3
22224	Sauternes (Premier Grand Cru Classé)	4.3
1224981	Palpite Reserva	4.2
66164	Dagromis Barolo	4.3
2104478	Malbec	4.1
1133074	Tinto	4.3
6142915	Viñas Viejas Verdejo	4.2
1258079	Carmenère Limited Edition	4.1
74346	Cos d'Estournel	4.4
6383333	Cavas de Weinert Cask Selection	4.2
5419918	Negroamaro	4.0
7249264	Terroir Gewürztraminer	4.1
1793310	Linea 1878 Barolo	4.0
1165262	Amplus Old Vine Carignan	3.9
1255941	Réserve Spéciale Pauillac	3.9
2172731	Arbois Savagnin Ouillé	4.0
8231	Reserva de Familia Carmenère	3.8
6602502	Malbec	3.9
1580820	Refosco	4.0
1176871	Syrah Limited Edition	3.9
2199392	Campo Marino Primitivo - Merlot	4.0
2251469	B Black Legion Special Blend	4.0
1170177	Cabernet - Syrah	4.0
1530504	Nossa Calcário	4.1
1721379	Clos Mireille Blanc de Blancs	4.0
81907	Pessac-Léognan	4.1
21058	Barolo Cascina Nuova	4.0
1377811	One Man Band	4.2
1268582	Pôpa TR	4.0
1866089	Domaine le Mourre Châteauneuf-du-Pape	3.9
22551	Barbaresco	4.2
2744699	Blanc de Blancs Brut Champagne	4.2
1134189	20 Year Old Tawny Port	4.2
1872	Chardonnay	4.1
81651	Terroir Merlot	3.9
81864	Margaux (Grand Cru Classé)	4.2
6696823	Tecnica del Salasso Tre di Tre	4.1
1177331	Reserva (Field Blend)	4.2
4089	Pauillac (Grand Cru Classé)	4.2
736114	Margaux (Grand Cru Classé)	4.2
5174	Reserve Selection Cabernet Sauvignon	4.1
1719036	Reserva de Familia 3S Malbec	4.1
1154913	Pessac-Léognan (Grand Cru Classé de Graves)	4.2
3109981	Brut Nature Champagne (Philippe Starck)	4.2
5565194	José Malbec	4.2
5842854	Reserva Terroir Blend	4.1
1201755	Tinto	4.1
2060983	Porto 20 Anos	4.2
1296705	Aristos Duque d'A	4.3
77487	La Casa Brunello di Montalcino	4.3
1373011	Casanova Il Puro Chianti Classico Gran Selezione	4.3
1979	Kai Carmenère	4.5
1159489	Vieilles Vignes Pinot Noir	4.0
1306620	Corton-Charlemagne Grand Cru	4.4
1222979	Les Beaux Monts Vosne-Romanée 1er Cru	4.3
1633082	Vaudésir Chablis Grand Cru	4.3
1993610	Brunello di Montalcino Riserva	4.3
5249017	Secano (Dry Farmed) Syrah	4.3
1770778	Malbec Mendoza	4.1
2895286	Roca Madre	4.4
8512089	Chassagne-Montrachet	4.4
2123124	3 Gen Marsala Superiore Riserva Ambra Dolce	4.4
6125391	CrossBarn Cabernet Sauvignon	4.3
66224	Darmagi Langhe	4.5
1225042	Escolha Tinto	3.9
7620781	Traços Red Blend	4.3
61034	Negroamaro Salento Calafuria Rosato	4.0
79269	Pauillac (Grand Cru Classé)	4.1
4254927	By.Ott Rosé	3.9
1135843	Réserve (de la Comtesse) Pauillac	4.1
6168721	Flétris	4.1
1186911	Alter Ego de Château Palmer	4.3
1208156	Pecorino (Unico)	3.9
1261328	Jèma Corvina	4.2
1184921	Douro Reserva Vinhas Velhas	4.1
9124430	Paralelo 31 Gran Reserva	4.1
86847	Madiran	4.0
4542136	Granit Alvarinho	4.1
5362375	Single Vineyard Tannat	4.2
1144799	Brunello di Montalcino	4.0
1189311	Chablis Grand Cru Valmur	4.2
1126091	Barolo Terlo Ravera	4.2
1185924	Nuits-Saint-Georges 1er Cru 'Les Vallerots'	4.1
5964894	Aged 30 Years Tawny Porto	4.2
2214910	Savigny-Les-Beaune Rouge	3.9
5453826	Seiva	4.2
1563728	Prince de Monvert Côte-Rôtie	4.0
6870516	Black Label Vintage Port	3.7
2786770	Confidentielle Rouge	4.1
1211971	Gran Reserva Chardonnay	4.0
7325556	Private Alvarinho Vinho Verde	4.2
1867807	Graveyard Vineyard Shiraz	4.3
1894631	Château Velho do Museu	4.3
1361567	Gevrey-Chambertin Clos de Meixvelle	4.2
1122095	Impérial Brut Champagne	4.1
1129619	Brut (Réserve) Champagne	4.1
5552281	La Cuvée Brut Champagne	4.1
1122092	Impérial Rosé Brut Champagne	4.1
1191278	Franciacorta Cuvée Prestige	4.1
1178663	Classic Brut Champagne	4.1
1130386	La Fiole du Pape Père Anselme Châteauneuf-du-Pape	4.1
1252275	Les Terrasses Rouge	4.0
1534770	Cabernet Sauvignon Pircas de Liguai	4.2
1608025	Meursault	4.1
1244636	Brunello di Montalcino (Campo di Marzo)	4.1
2139376	Adelaide Vintage Port	4.4
1720890	Auma	4.4
6620994	Convicciones	4.1
4379183	Syrah	4.2
7145030	Velluto Rosso Beneventano Aglianico	3.9
1226183	Abraxas Tinto	4.1
1220057	Rosé Brut	3.7
4228940	Winemaker's Selection Blend	4.1
1962638	Elfa Dao	4.1
1244233	Douro Vinha da Rita	4.1
1658535	Kiedricher Sandgrub Riesling Auslese	4.1
1254011	Gran Estirpe Blend	4.2
1153175	Riesling Auslese Ruppertsberger	4.1
1166924	Brunello di Montalcino	4.1
1230909	Châteauneuf-du-Pape	4.0
66494	Yellow Label B & V Vineyard Shiraz	3.9
1240627	Meursault 'Les Vireuils Dessous'	4.1
1576262	Terroir Hunter Carmenère (T.H.)	4.2
67074	Les Terrasses Velles Vinyes Priorat	4.1
7315338	Cocodrilo Malbec	4.2
1166231	Oreno Toscana	4.2
87358	CrossBarn Cabernet Sauvignon	4.2
1987655	Vintage Brut Champagne	4.2
6162	Bella's Garden Shiraz	4.2
4430212	Reserva Douro	4.1
5577061	Vista da Mata	4.2
1641769	Donnaluce	4.1
48994	Pauillac (Grand Cru Classé)	4.1
1674591	Due Lune Nerello Mascalese - Nero d'Avola	4.2
89390	Châteauneuf-du-Pape	4.2
1189758	10 Years Tawny Port	4.2
1220273	Finca Perdriel Centenario	4.1
1546849	Enclave Ultra Premium Cabernet Sauvignon	4.3
16507	Chardonnay	4.1
5360908	Tinto	4.3
1148844	Le Clarence de Haut Brion Pessac-Léognan (Château Bahans Haut-Brion)	4.3
4914855	Parte 2 Merlot	4.3
1184728	Perpetual	4.3
12405	Ilatraia	4.2
3875071	Cubardi Primitivo	4.3
1312538	Conde d'Ervideira Reserva Branco	4.2
1301991	Misterio Blanco	4.2
1376017	Luz de Luna Puerto Tannat	4.1
74337	Beso de Dante	4.3
1389046	Principal Reserva Bairrada	4.2
89025	Finca Mirador Malbec	4.4
1745485	Our Family Icon	4.3
1134685	Pehuén Carménère	4.3
1308697	Reserva Duas Quintas Tinto	4.1
82779	Corton-Charlemagne Grand Cru	4.4
12085	Campo dei Gigli Amarone della Valpolicella	4.4
3740911	RHU de Alcohuaz Mezcla Tinta	4.3
13632	Château Haut-Bailly (Cru Classé de Graves)	4.2
1986695	Rejón Tempranillo	4.3
2039337	30 Year Old Tawny Port	4.4
1186083	Black Tears Malbec	4.4
17656	Pessac-Léognan (Grand Cru Classé de Graves)	4.3
5861217	Il Lussurioso Amarone della Valpolicella Classico	4.3
2630148	Reserva	4.3
1173140	San Vicente Rioja	4.3
16504	Malbec	4.2
52084	Finca Los Nobles Field Blend Malbec - Verdot	4.3
83732	Vintage Port	4.2
20717	Carmín de Peumo Carmenère	4.4
5972587	Grand Cuvee Blend	4.5
4322587	Maxima Cabernet Sauvignon	4.5
18474	Auru	4.4
1913596	Tokaji Aszú 5 Puttonyos	4.5
1798244	Private Cuvée Reserve Brut Champagne	4.5
1138006	Gran Cabernet Franc (XI)	4.4
7268316	Esquecido	4.4
1214878	Chassagne-Montrachet Premier Cru Morgeot Marquis de Laguiche 	4.4
9998	Primus Malbec (Primum)	4.4
2149250	Las 3 Marías Vineyards Cabernet Sauvignon	4.4
5898157	Grande Reserva	4.3
1883905	PHI Assemblage	4.4
1509186	Scala Coeli Reserva Tinto	4.5
1471	Siepi	4.4
1162271	Vigneto Tremenel Amarone della Valpolicella	4.3
1308427	Gran Reserva	4.1
54254	Preludio Barrel Select Blanco	4.3
1978	La Cumbre Syrah	4.3
1542559	Vértice Grande Reserva Tinto	4.2
5693443	Vinha da Coroa	4.3
7135998	Cuvée Tradition Châteauneuf-du-Pape	4.2
1777257	Barolo Liste	4.2
1285871	Marquesa de Alorna Grande Reserva Branco	4.1
1738304	Les Cailloux Bordeaux Supérieur	3.8
1497327	Garrafeira Old Vines	4.3
3316164	Primitivo di Manduria	4.2
1233301	Brunello di Montalcino Riserva	4.2
7948154	Varúa Blend	4.3
1174918	Brunello di Montalcino Riserva Gualto	4.2
1127494	Fugue de Nénin Pomerol	3.9
4369993	Sofia	4.3
3575062	Equinócio Branco	4.3
1817891	Corton Grand Cru Clos Du Roi	4.3
1422729	Syrah Reserve	4.2
1256063	Tinto	4.2
1126909	Cyprès de Climens Barsac	4.0
82469	Saint-Émilion Grand Cru (Premier Grand Cru Classé)	4.2
1135138	Amelia Chardonnay	4.0
1158237	Amarone della Valpolicella Classico Riserva	4.4
1173806	Capellanía Reserva	4.1
3524729	Reserva Especial Tinto	3.7
1302544	Touriga Nacional Douro	4.2
1794507	Porrera Vi de Vila	4.3
2301297	Nauna Primitivo - Negroamaro	4.3
3935829	Apaixonado Reserva Tinto	4.2
1084122	Lindaflor Malbec	4.2
1639876	Terroir Nature	4.3
1507708	Porto 30 Anos	4.3
7991358	Corte Bordalês	4.4
2835177	Gocce Primitivo di Manduria	4.2
3413871	Kankana del Elqui Solar No 10 Syrah	4.4
1684223	Pauillac (Premier Grand Cru Classé)	4.6
1152755	Pessac-Léognan (Premier Grand Cru Classé)	4.6
9712	Tenuta Nuova Brunello di Montalcino	4.5
87659	Cabernet Sauvignon	4.5
1126964	Termanthia	4.6
1283511	Gala 1 Red Blend	4.2
2045239	Conde d'Ervideira Private Selection Tinto	4.2
1996235	Le Dragon de Quintus (Qvintvs) Saint-Émilion Grand Cru	4.1
17102	Petit Verdot	4.0
1246796	Raízes Gran Corte	4.0
3705139	Maria Lzabel Branco	4.1
1884612	Petit Verdot	4.2
2685613	Cadus Finca Las Torcazas Malbec (Single Vineyard)	4.0
15627	Colli Della Toscana Centrale Cignale	4.2
78778	Navarra Coleccion 125 Blanco	4.2
1876005	Brunello di Montalcino	4.2
4222635	Blanc de Blancs Brut Champagne Premier Cru	4.2
1260666	Nature	4.0
1895060	Atlántico	4.1
1783612	Numina Cabernet Franc	4.1
1139120	La Navilla	4.1
6641278	Brisa	4.2
3841980	Vin del Fattore Governo All'Uso Sangiovese Toscano	4.1
1155884	Rioja Reserva	3.9
7231332	Malbec Rosé	4.2
1345189	Barolo Boscareto	4.1
79970	Barolo	4.1
1153464	Pinot Noir (IX)	3.9
5056427	Single Vineyard Petit Verdot	4.2
1737234	Special Tawny Porto	4.1
95444	Pomerol	4.2
3753222	Bordeaux Sauvignon	3.9
16965	Sousão	4.0
1370917	Château de Haute-Serre Malbec	3.9
20658	Cornas Les Arènes 	4.0
2269930	Brunello di Montalcino	4.2
1887223	Castillon - Côtes de Bordeaux	4.0
24984	Grand Vin	4.2
1132828	Primitivo di Manduria	3.9
2058566	Précieuse Brut Champagne Grand Cru 'Avize'	4.1
24138	Pouilly-Fuissé	4.0
8593926	Primitivo di Manduria	4.1
1676897	Orzada Cabernet Sauvignon	3.9
1381103	Brunello di Montalcino	4.1
10000	Primus Pinot Noir (Primum)	4.2
84727	Corte B	4.1
2700219	Shiraz	4.1
7036273	Nervi Reserva Tannat	4.0
7180223	Semillón	4.2
3508352	Tonel 78 Barrel Select	3.9
79976	Warner Vineyard Shiraz	4.2
1768114	Hand Picked Shiraz - Viognier	3.6
1223176	La Serra Barolo	4.1
83446	Chambolle-Musigny	4.3
13186	Single Vineyard Las Cruces Old Vines Field Blend	3.8
1244717	Brunello di Montalcino	4.2
1206659	Osso San Grato Gattinara	4.2
1180025	Morgado de Sta. Catherina Bucelas Reserva	4.0
7197504	Sagarana Côtes de Thongue	4.2
5095250	Cuvée Unchiu Puiu	4.2
1835751	Reserva	4.2
13799	Chardonnay	4.0
1566290	Gran Reserva Syrah - Carmenère	4.2
1821904	Clos de la Truffiere Chassagne-Montrachet 1er Cru  'Les Chaumees'	4.2
7538705	Apogeo de Apalta	4.2
1416333	Campanaio	4.1
1132381	Barón Ladrón de Guevara Autor Reserva	4.0
1319301	Châteauneuf-du-Pape	4.0
1448532	Volnay 1er Cru Les Brouillards	4.2
5962679	Brunello di Montalcino	4.2
1257238	Reserva Roble Tannat	3.7
1360133	La Valletta Sangiovese	4.0
2325662	Tawny Porto	4.2
87114	Rocche di Castiglione Barolo	4.2
2178596	Machete	4.4
1994112	Macán	4.4
18529	Península de Setúbal Palácio da Bacalhôa Tinto	4.2
1789271	5 Puttonyos Aszú (Blue Label)	4.4
68844	Merlot Alta	4.3
1244155	20 Year Old Tawny Porto	4.4
1982106	Bougainville Petite Sirah	4.4
2029311	30 Years Old Tawny Port	4.5
1145046	Basket Press Shiraz	4.5
1382212	Bramare Rebon Vineyard Malbec	4.5
1605285	Pessac-Léognan (Grand Cru Classé de Graves)	4.5
1645444	Herencia Carmenère	4.4
3985150	Grande Reserva Douro	4.3
2063645	Andetelmo	4.5
84581	DON	4.0
1384933	La Grande Dame Brut Rosé Champagne	4.5
1415420	Vittorio Moretti	4.4
1098981	Pomerol	4.5
1794	Barolo (Tradizione)	4.0
86373	Moulis-en-Médoc	4.0
80226	Carmenère	4.0
86868	Gattinara	4.0
1598877	Rosé Champagne	4.1
86683	AN/2	4.0
5748087	Belle Cuvée Merlot - Cabernet	3.9
1206918	Emilien	4.0
1161268	Haut-Médoc	4.1
4399827	Zarihs Syrah	4.1
43994	Felino Malbec	3.9
1135414	Gran Reserva	4.2
1171810	Gran Reserva Merlot	4.0
98166	Saint-Estèphe	4.0
1209490	10 Year Old White Port	4.1
2145084	Malbec Estate	4.0
1220405	La Bégude des Papes Châteauneuf-du-Pape Rouge	4.1
1152417	Saint-Émilion Grand Cru (Premier Grand Cru Classé)	4.6
1862774	Rifle Range Cabernet Sauvignon	4.3
1684857	Boléro Extra Brut Champagne	4.2
1244668	Grand Cru Maipo	4.4
4656452	Colheita Porto	4.4
6437146	Icono Limited Edition Blend	4.4
7399598	Pomorosso Nizza	4.4
7633874	Lady Black Ediție Limitată	4.4
1243455	Châteauneuf-du-Pape	4.1
2026396	Codigo del Toqui	4.2
1608361	Viñedo 1910 Malbec	4.3
1408119	Colecção	4.1
1216921	Puligny-Montrachet	4.2
3882572	30 Years Old Tawny Port	4.4
4894460	Family Collection	4.4
5077201	Garrafeira  Branco	4.4
6872529	Anima Gran Reserva Merlot	4.3
66204	Rossj-Bass Langhe	4.3
61744	Saint-Julien (Grand Cru Classé)	4.4
1175180	Gran Reserva Rioja (Finca Ygay)	4.3
2441493	Vigne Vecchie Primitivo di Manduria	4.3
1225562	Preludio Barrel Select Tinto	4.3
4673456	Lote Especial Malbec	4.3
1190334	20 Years Old Tawny Port	4.3
3726	Geyserville	4.2
1151307	Yarden Syrah	4.2
2923	Meursault	4.2
6416066	Etiqueta Negra	4.2
1317710	Mumm de Cramant Blanc de Blancs Brut Champagne	4.2
1178261	Morgon	4.1
1258970	Cabernet Franc	4.1
1155335	Península de Setúbal Quinta da Bacalhôa Cabernet Sauvignon	4.1
1803078	Esporão Private Selection Tinto	4.2
1198682	Blanc de Noirs Brut Champagne Grand Cru 'Bouzy'	4.2
1518113	Garrafeira dos Sócios Tinto	4.1
5593168	130 Blanc de Noir Special Edition	4.2
1266561	Gran Reserva Malbec	4.1
77448	Barolo Castiglione	4.1
1252903	De Sangre	4.2
23627	Saint-Julien (Grand Cru Classé)	4.3
2708749	Vista de Serra Syrah	4.2
1542359	Gran Reserva Red Blend	4.2
7389614	Meursault Saint-Christophe	4.3
1879527	ViBo Punta del Viento	3.9
1173985	Prima Donna Pinot Noir	4.3
1151102	Marsala Vergine Soleras Riserva dell Centenario Oro Secco	4.2
8444966	Monthélie Pinot Noir	4.1
27234	EQ Syrah	4.1
3388091	Pessac-Léognan Blanc	4.0
68834	Cabernet Sauvignon Alta	4.3
1194180	Vieilles Vignes Chambolle-Musigny 'Les Fremiéres'	4.0
6478805	Grand Reserve Côtes de Provence Rosé	4.5
1529469	Beaune 1er Cru Les Perrières	4.1
1200744	Singular Nebbiolo	3.9
1319403	Pomerol	3.8
1543487	San Brunone	4.1
7507548	Madreterra Negroamaro	4.3
1274033	Douro Tinto (Colheita Unoaked)	4.0
77756	Barolo	3.9
6590318	Sericis Cepas Viejas Monastrell	4.1
20663	Châteauneuf-du-Pape La Bernardine	4.1
1700690	Saint-Estèphe (Grand Cru Classé)	4.0
17969	Rocca Rubia Riserva  Carignano del Sulcis	4.0
59754	Campo di Sasso Insoglio del Cinghiale	3.9
1653	Badia a Passignano Gran Selezione Chianti Classico	4.2
1209398	Cabernet Sauvignon	4.0
1783619	Numina Malbec	4.1
23293	Pizzella Malbec (Pizzella Family Vineyard)	3.9
4792	Tancredi	4.0
5766980	O Luar do Sil Valdeorras Godello	4.1
1253163	Porto Reserva Adriano Branco	4.1
23294	Paulucci Malbec (Angel Paulucci Vineyard)	3.9
2094151	Ammasso Rosso Sicilia	4.1
1153459	Cabernet Sauvignon (III)	4.1
1179830	Calicanto	4.1
1224338	Pauillac de Latour	4.2
3853221	Edda 'Lei' Bianco	4.2
1151389	Évora Colheita Branco	4.1
1169875	Barbera d'Alba Superiore	4.1
1637564	Grande Réserve	4.1
83283	Yarden Cabernet Sauvignon	4.2
1323319	Concentus Merlot - Tannat - Cabernet Sauvignon Gran Reserva	4.0
7556602	Super Premium Cabernet Franc	4.2
1163924	Saint-Émilion Grand Cru (Grand Cru Classé)	4.1
4018342	A	4.2
1220504	Clos d'Ambonnay Blanc de Noirs Brut Champagne	4.8
1598998	Very Old Single Harvest Port	4.7
79635	Clos du Mesnil Blanc de Blancs Brut Champagne	4.7
1140747	Essencia	4.7
1869	Malbec Argentino	4.3
66294	Special Selection Cabernet Sauvignon	4.7
9640136	Vino Rosso Biologico	4.1
2248505	The Franq Rouge Cabernet Franc	4.1
7179741	La Joya Single Vineyard Carmenère	4.1
1657076	Grande Reserva Branco	4.3
74298	Brut Premier Champagne	4.2
18929	Special Cuvée Brut Aÿ Champagne	4.2
79160	Grand Brut Champagne	4.2
1884610	Réserve Brut Champagne	4.2
15615	Brut Réserve Champagne	4.2
19919	Nectar Impérial (Demi-Sec) Champagne	4.2
1161252	Ice Impérial (Demi-Sec) Champagne	4.2
1145628	10 Year Old Tawny Port	4.2
1380075	Ripassa Valpolicella Ripasso Superiore	4.1
1987886	Blason Rosé Brut Champagne	4.2
1128252	The Chocolate Block	4.2
4441484	Aquarela Moscatel Espumante	4.2
1386686	Ribera del Duero	4.0
3094171	Sapo de Otro Pozo Blend de Tintas	4.2
1258443	Mai The First A.Montes Malbec	4.4
3772025	Alaya Tierra (Old Vines Vieilles Vignes)	4.4
1630203	Tinamú	4.4
2338963	30 Years Tawny Port	4.4
8195	Amarone della Valpolicella Classico	4.3
1165708	Pieve Santa Restituta Brunello di Montalcino	4.4
1670059	Il Pino di Biserno	4.3
2246136	Memorias	4.3
1222575	Douro	4.4
82235	San Leonardo	4.3
5386972	20 Anos Tawny Porto	4.3
1198198	Quinta dos Murças Reserva Douro	4.2
5125281	Gevrey-Chambertin Vieilles Vignes	4.2
1217235	Alenza Ribera del Duero Gran Reserva	4.3
81980	Amorío Malbec	4.2
1988872	Terroir Los Miradores Malbec	4.2
1294904	Invisível Aragonez	4.1
1230164	Rosé Brut Champagne (Extra Cuvée de Réserve)	4.2
76410	Reserva Vinhas Velhas (Old Vines)	4.1
74336	Chardonnay (G Lot)	4.2
2177408	Single Vineyard Malbec	4.2
16833	Galatrona	4.3
7730139	Atmosphere Reserva	4.5
1148822	Grans Muralles	4.4
1126750	Viña del Olivo	4.4
9711	Pietradonice	4.3
83594	Luce	4.4
2042515	Estremus	4.5
1157035	Pazzia Primitivo di Manduria	4.4
1210090	Xisto Douro	4.4
94695	Cabernet Sauvignon Mon Chevalier	4.5
18323	Altura	4.5
8404808	Primitivo di Manduria Riserva	4.4
20644	Ermitage Le Pavillon	4.5
1212620	Brunello di Montalcino	4.3
2571920	Merlot Uvas Desidratadas	4.4
5992677	Bramare Chañares Estates Cabernet Franc	4.4
8036	Reserva Tinto	4.3
2479799	Diciotto Primitivo	4.5
66134	Sorì Tildìn (Barbaresco) Langhe	4.6
7153124	Grande Reserva Douro Superior	4.4
5107190	Adrianna Vineyard Mundus Bacillus Terrae Malbec	4.6
1243266	Private Reserve Gran Estate Selection	4.5
2114480	Brut Rosé Champagne	4.6
74304	Cristal Brut Champagne (Millésimé)	4.6
80415	Vintage Port	4.4
76388	Tordiz 40 Year Old Tawny Port	4.6
76442	Alentejano Tonel Nº 3 - 4	4.6
1638525	Seival Estate Sesmarias	4.4
11607	Malleolus de Sanchomartin	4.6
1876294	Pingus	4.6
1488932	Mirabilis Branco	4.5
4422119	Pignataro Primitivo di Manduria	4.0
4896272	Tricot	4.1
4057446	Hand Made	4.1
6225479	Don Giovanni Chianti Classico	4.1
1245016	Barolo Cerequio	4.2
1198583	Lucile Avril Châteauneuf-du-Pape	4.2
1117020	'Rippon' Mature Vine Pinot Noir	4.0
5599133	Balasto	4.3
7328070	Edição Especial Tinto	4.2
13796	Sauvignon Blanc	4.0
1170521	Brunello di Montalcino	4.2
2042880	Dionisio Teroldego - Tannat	4.1
11956	Millesimé Exception Brut Champagne	4.2
5869495	Numina Chardonnay	4.1
1515796	J de José de Sousa Alentejano	3.8
1192486	Conde d'Ervideira Reserva Tinto	3.9
1983760	Touriga Nacional	4.2
2424940	Tinto	4.1
809810	Gigondas Hominis Fides	4.3
1216431	Les Suchots Vosne-Romanée 1er Cru	4.2
87102	Garblèt Sué Barolo	4.3
1563022	Bairrada Vinha Pan	4.1
1208656	Tapada de Coelheiros Garrafeira	4.2
52094	Finca Los Nobles Field Blend Cabernet - Bouchet	4.4
8961784	Croceferro Etna rosso	4.3
6383254	La Cautiva	4.3
1621637	Chablis Grand Cru 'Les Clos'	4.2
6725787	Cabernet Sauvignon	4.3
85063	Clos de la Roche Grand Cru Cuvée Vieilles Vignes	4.4
1471091	Gran Reserva	3.9
5916192	Garden Blend	4.5
6721388	Herdade da Arcebispa Grande Reserva	4.4
2468	Merlot	3.8
6801930	Cuvée Francisc	4.5
2288157	Contador de Estorias Reserva	4.2
22554	Il Bricco Barbaresco	4.3
5953265	Fósil San Pablo	4.2
9216680	Tierra Alta de 2 Cotas Reserva	4.4
77247	Pie Franco	4.2
86698	Buisson Renard	4.3
1313331	Pur Sang	4.3
1166949	Douro Reserva	4.1
66184	Conteisa Langhe	4.5
92001	Monte Ca' Bianca Amarone della Valpolicella Classico	4.3
1129509	Barolo Riserva	4.0
7241558	Alussinante	4.4
6170444	Guyot	4.1
1211973	Cabernet Sauvignon Gran Reserva	3.8
4693202	Reserva Privada Carmenere	4.1
7101305	Petit Verdot	4.2
1201912	Vintage Port	4.1
5440449	Co-Fermented	4.3
1233142	Felipe Rutini Malbec	4.1
76435	Scala Coeli Branco	4.1
5775	Barolo Villero	4.2
91969	Amarone della Valpolicella	4.2
5328333	Biografia Chardonnay	4.2
4852516	Rioja Reserva	4.0
6247814	Reserve Cabernet Sauvignon	4.1
8961179	Carrubo Primitivo di Manduria	4.3
1159473	Réserve Pinot Noir	3.9
1110329	Châteauneuf-du-Pape	4.2
75780	Angelo Primo	4.2
1162673	Tinto Roriz	4.1
1311097	Hide Syrah	4.1
5910636	Micas Carménère	4.1
73620	Barolo San Lorenzo di Verduno	4.2
1987076	Arrepiado Collection Tinto	4.3
1153153	Gaisböhl G.C	4.2
7144487	Parcela 24 Single Vineyard Limited Edition	4.2
1208798	Vosne-Romanée	4.0
1543909	Coma Blanca Priorat	4.0
4761445	Solace	4.2
1136381	Cabernet Sauvignon	4.3
1136168	F Negroamaro	4.3
68864	Chardonnay Alta	4.3
11781	Brut Vintage Champagne (Extra Cuvée de Réserve)	4.3
4669239	Milla Cala	4.4
22954	Vigneto Monte Sant'Urbano Amarone della Valpolicella Classico	4.3
5386829	130 Special Edition Blanc de Blancs	4.4
9001	Douro Redoma Branco	4.1
1198951	Priorat	4.2
1287027	Margaux	4.1
1209244	Saint-Julien	4.0
1137244	Orfeo Negroamaro	4.1
4261210	11 Filari Primitivo di Manduria Dolce Naturale	4.1
4142	Baron Nathaniel Pauillac	3.9
1489864	Tenuta Regaleali Chardonnay Vigna San Francesco	4.2
75588	Reguengos Reserva Branco	3.8
6354068	Chianti Riserva	4.0
1131351	Parcela #7 Gran Reserva	4.0
1936204	Cabernet Sauvignon	3.9
1272277	Singular Teroldego	3.9
1299676	Touriga Nacional	4.0
1248801	Brioso	4.2
1205108	Vigneti di Foscarino Soave Classico	3.9
1190556	Grande Cuvée Corbières	4.0
2307097	Critèra Primitivo	4.0
8069628	Flora Chianti	4.1
77748	Barolo Briccolina	4.1
